ricoId,definition
rico:AccumulationRelation,Recordressource/Instanz-Akteur-Bestandsbildung
rico:Activity,Aktivität
rico:ActivityDocumentationRelation,Recordressource/Instanz-Aktivität
rico:ActivityType,Aktivitätskategorie
rico:Agent,Akteur
rico:AgentControlRelation,Akteur-Kontrolle-Akteur
rico:AgentHierarchicalRelation,Akteur-Hierarchie-Akteur
rico:AgentName,Akteursname
rico:AgentTemporalRelation,Akteur-Nachfolge
rico:AgentToAgentRelation,Akteur-Akteur
rico:Appellation,Bezeichnung
rico:AppellationRelation,Bezeichnung-Ding
rico:AuthorityRelation,Akteur-Autorität-Ding
rico:AuthorshipRelation,Record-Autor-Akteur
rico:CarrierExtent,Datenträgerumfang
rico:CarrierType,Datenträgerkategorie
rico:ChildRelation,Person-Kind
rico:Concept,Konzept
rico:ContentType,Inhaltskategorie
rico:Coordinates,Koordinaten
rico:CorporateBody,Körperschaft
rico:CorporateBodyType,Körperschaftskategorie
rico:CorrespondenceRelation,Person-Korrespondenz-Person
rico:CreationRelation,Recordressource/Instanz-Erstellung-Akteur
rico:Date,Datum
rico:DateType,Datumskategorie
rico:DemographicGroup,Demographische Gruppe
rico:DerivationRelation,Instanz-Derivat-Instanz
rico:DescendanceRelation,Person-Nachkommen
rico:DocumentaryFormType,Dokumentenkategorie
rico:Event,Ereignis
rico:EventRelation,Ereignis-Ding
rico:EventType,Ereigniskategorie
rico:Extent,Umfang
rico:ExtentType,Umfangskategorie
rico:Family,Familie
rico:FamilyRelation,Person-Familie-Person
rico:FamilyType,Familienkategorie
rico:FunctionalEquivalenceRelation,Repräsentation-Äquivalent-Repräsentation
rico:Group,Gruppe
rico:GroupSubdivisionRelation,Gruppe-Untergruppe
rico:Identifier,Identifikator
rico:IdentifierType,Identifikatorenkategorie
rico:Instantiation,Repräsentation oder Instanz
rico:InstantiationExtent,Umfang der Instanz|Repräsentation
rico:InstantiationToInstantiationRelation,Instanz|Repräsentation-Instanz|Repräsentation
rico:IntellectualPropertyRightsRelation,Akteur-Urheberschaft-Recordressource/Instanz
rico:KnowingOfRelation,Person-Kenntnis-Person
rico:KnowingRelation,Person-Bekanntschaft-Person
rico:Language,Sprache
rico:LeadershipRelation,Person-Führung-Person
rico:LegalStatus,Rechtstatus
rico:ManagementRelation,Akteur-Management-Recordressource/Instanz
rico:Mandate,Mandat
rico:MandateRelation,Mandat-Akteur
rico:MandateType,Mandatkategorie
rico:Mechanism,Mechanismus
rico:MembershipRelation,Gruppe-Mitgliedschaft-Person
rico:MigrationRelation,Repräsentation-Migration-Repräsentation
rico:Name,Name
rico:OccupationType,Beschäftigungskategorie
rico:OrganicOrFunctionalProvenanceRelation,Recordressource/Instanz-Herkunft-Akteur/Funktion
rico:OrganicProvenanceRelation,Recordressource/Instanz-Herkunft-Akteur
rico:OwnershipRelation,Gruppe/Person/Position-Besitz-Ding
rico:PerformanceRelation,Aktivität-Ausführung-Akteur
rico:Person,Person
rico:PhysicalLocation,Standort
rico:Place,Geografikum
rico:PlaceName,Geografikumsname
rico:PlaceRelation,Geografikum-Ding
rico:PlaceType,Geografikumskategorie
rico:Position,Position
rico:PositionHoldingRelation,Person-Position
rico:PositionToGroupRelation,Position-Gruppe
rico:ProductionTechniqueType,Herstellungstechnikkategorie
rico:Proxy,Proxy
rico:Record,Record
rico:RecordPart,Recordteil
rico:RecordResource,Recordressource
rico:RecordResourceExtent,Recordressourceumfang
rico:RecordResourceGeneticRelation,Recordressource-Entstehungszusammenhang-Recordressource
rico:RecordResourceHoldingRelation,Akteur-Aufbewahrung-Recordressource/Instanz
rico:RecordResourceToInstantiationRelation,Recordressource-Repräsentation
rico:RecordResourceToRecordResourceRelation,Recordressource-Recordressource
rico:RecordSet,Recordgruppe
rico:RecordSetType,Recordgruppenkategorie
rico:RecordState,Recordstatus
rico:Relation,Beziehung
rico:RepresentationType,Repräsentationskategorie
rico:RoleType,Rollenkategorie
rico:Rule,Regel
rico:RuleRelation,Regel-Ding
rico:RuleType,Regelkategorie
rico:SequentialRelation,Ding-Abfolge-Ding
rico:SiblingRelation,Person-Geschwister
rico:SpouseRelation,Person-Ehepartner
rico:StudyAtRelation,Studium-An-Beziehung
rico:TeachingRelation,Person-Student
rico:TemporalRelation,Ding-Zeitfolge-Ding
rico:Thing,Ding
rico:Title,Titel
rico:TitleType,Titelkategorie
rico:Type,Kategorie
rico:TypeRelation,Kategorie-Ding
rico:UnitOfMeasurement,Masseinheit
rico:WholePartRelation,Teil-Ganzes-Beziehung
rico:WorkRelation,Akteur-Arbeit-Akteur
rico:accruals,Information on the anticipated accession(s) to the Record Set.
rico:accrualsStatus,Information on the status of possible accruals
rico:accumulationDate,A date at which a Record Resource or Instantiation was or will be accumulated.
rico:allMembersWithAccumulationDate,Date at which all of the present or past members of a Record Set were or will be accumulated.
rico:allMembersWithCreationDate,Date at which all of the present or past members of a Record Set were or will be created.
rico:altimetricSystem,Reference system used for altitude
rico:altitude,"The height of a Place above a reference level, especially above sea level."
rico:authenticityNote,"Information on the evidence that a Record Resource or Instantiation is what it purports to be, was created or sent by the said Agent at the said time, and has not been tampered with, corrupted, or forged."
rico:authorizingMandate,Information on a Mandate that authorizes an Agent to perform an Activity.
rico:beginningDate,Date at which something began.
rico:birthDate,Date at which a Person was born.
rico:carrierExtent,"Number of physical units and/or physical dimensions of the carrier of an Instantiation. In order to manage an Instantiation of a record resource it is necessary to note the extent of the carrier as well as that of the Instantiation itself. Whether it is necessary to note dimensions, the number of relevant units, or both, depends on the nature of the carrier and particular business needs."
rico:classification,"A term, number or alphanumeric string that is usually taken from an external classification vocabulary or scheme that qualifies a Record Resource."
rico:conditionsOfAccess,Terms and circumstances affecting the availability of a Record Resource or an Instantiation for consultation.
rico:conditionsOfUse,Terms and circumstances affecting the use of a Record Resource or an Instantiation after access has been provided. Includes conditions governing reproduction of the Record Resource under applicable copyright (intellectual property) and/or property legislation or due to conservation status.
rico:creationDate,Date at which a Record Resource or Instantiation was or will be created.
rico:date,Chronological information associated with an entity that contributes to its identification and contextualization.
rico:dateQualifier,A human readable qualification of a Date to indicate the level of precision or certainty.
rico:deathDate,Date at which a Person died.
rico:derivationDate,Date at which an Instantiation was or will be derived from another Instantiation.
rico:destructionDate,Date at which a Record Resource or Instantiation was or will be destructed.
rico:endDate,Date at which something ended.
rico:expressedDate,"Natural language expression of a date. This property is a specialization of the name property. In order that the precise meaning of the date can be understood, information such as the calendar used or other specific context should be included."
rico:generalDescription,"General information about an entity. General description may be used to describe any entity. There are different appropriate uses for general description. First, while it is recommended that more specific properties be used in describing an entity, it may be desirable, for economic or other reasons, to describe two or more specific properties together. Second, general description may be used to describe one or more characteristics that are not otherwise accommodated in RiC-O. Third, it may be used to provide a succinct summary or abstract description in addition to more detailed specific description."
rico:geodesicSystem,Reference system used for geographical coordinates.
rico:geographicalCoordinates,Longitudinal and latitudinal information about a Place.
rico:height,Vertical dimension of an entity.
rico:history,Summary of the development of an entity throughout its existence.
rico:identifier,"A word, number, letter, symbol, or any combination of these used to uniquely identify or reference an individual instance of an entity within a specific information domain. Can include Global Persistent Identifiers (globally unique and persistently resolvable identifier for the entity) and/or Local Identifiers. Both the domain within which the identifier is unique, and the rules used in forming the identifier value should be provided with the identifier value."
rico:instantiationExtent,Countable characteristics of an Instantiation expressed as a quantity.
rico:instantiationStructure,Information about the physical arrangement and composition of an Instantiation.
rico:integrityNote,Information about the known intellectual completeness of a Record Resource.
rico:lastModificationDate,Date at which an entity was last updated.
rico:latitude,Distance in degrees north or south of the equator.
rico:length,Length of an entity.
rico:location,"A delimitation of the physical territory of a Place. Used to describe basic human-readable text such as an address, a cadastral reference, or less precise information found in a Record."
rico:longitude,Distance in degrees east or west of a prime meridian.
rico:measure,"The extent, quantity, amount, or degree of an entity, as determined by measurement or calculation."
rico:migrationDate,Date at which an Instantiation was or will be migrated.
rico:modificationDate,Date of the modification of an entity.
rico:mostMembersWithAccumulationDate,Date at which most of the present or past members of a Record Set were or will be accumulated.
rico:mostMembersWithCreationDate,Date at which most of the present or past members of a Record Set were or will be created.
rico:name,"A label, title or term designating an entity in order to make it distinguishable from other similar entities."
rico:normalizedDateValue,Machine readable representation of the date based on a public technical standard.
rico:normalizedValue,"Value representation based on a standard, preferably machine-readable."
rico:note,"A short textual statement, that gives a little information on a specific feature of a Thing."
rico:physicalCharacteristicsNote,"Information about the physical features, completeness, or conservation status of an Instantiation. Includes information about the physical nature and condition such as conservation status or the deterioration of an Instantiation (for example its carrier) affecting the ability to recover information."
rico:physicalOrLogicalExtent,Countable characteristics of the content of an entity expressed as a quantity.
rico:productionTechnique,The method used in the representation of information on an Instantiation.
rico:publicationDate,"Date of the publication, in the past or in the future, of a Record Resource."
rico:qualityOfRepresentationNote,Characteristics of an Instantiation that affect the ability to recover the intellectual content. Such characteristics may be related to the methods used in creating the Instantiation or introduced subsequent to the creation through accident.
rico:quantity,Machine-readable quantity.
rico:rankInHierarchy,"The rank of a Record Resource, or of a Proxy that stands for it, in a hierarchy."
rico:rankInSequence,"The rank of a Record Resource, or of a Proxy that stands for it, in a sequence."
rico:recordResourceExtent,"The quantity of information content, as human experienced, contained in a Record Resource. The method and precision of expressing the quantity of information represented in a Record Resource will vary according to the kind of Record Resource being described, processing economy constraints, etc. For record sets, quantity may be expressed as number of records, or, for analogue records in particular, by the physical storage dimensions of the members of the Record Set. For individual records or record parts, quantity may be expressed in more precise terms."
rico:recordResourceSourceOfInformation,Information about some source on which the content of a Record Resource is based.
rico:recordResourceStructure,"Information about the intellectual arrangement and composition of a Record Resource. For Record and Record Part, it encompasses information about the intellectual composition of the record, the presence of record parts and their functions. For Record Set, it encompasses information about the methodology or criteria used for arranging the Record Set members or Record members within the containing Record Set"
rico:referenceSystem,Framework or standard used to represent an information.
rico:relationCertainty,Qualifies the level of certitude of the accuracy of a Relation.
rico:relationSource,A source of information used for identifying and describing a Relation.
rico:relationState,"Used to qualify the state of a Relation (e. g. present, past, ongoing, unknown)."
rico:ruleFollowed,The rule or conditions that govern the existence or lifecycle of a Thing.
rico:scopeAndContent,"Summary of the scope (such as time periods, geography) and content (such as subject matter, administrative processes) of a Record Resource. Provides a more complete summary of the informational content of the Record Resource highlighting the information conveyed in the Record Resource, why it was created, received, and/or maintained, and the agents connected to it. It may include description of relations with agents, activities, dates and places, or with other record resources."
rico:sentimentOrEmotionExpressed,"Specification of, or information about, the sentiment(s) or emotion(s) expressed by the content of a Record or a Record Part."
rico:someMembersWithAccumulationDate,Date at which some of the present or past members of a Record Set were or will be accumulated.
rico:someMembersWithCreationDate,Date at which some of the present or past members of a Record Set were or will be created.
rico:structure,"Information about the intellectual arrangement and composition of a Record Resource or the physical arrangement and composition of an Instantiation. For Record and Record Part, it encompasses information about the intellectual composition of the record, the presence of record parts and their functions. For Record Set, it encompasses information about the methodology or criteria used for arranging the Record Set members or Record members within the containing Record Set. For Instantiation, it may comprise information about the composition of the physical elements of the instantiation"
rico:technicalCharacteristics,Describes any relevant physical or software feature of any device involved in the creation or management of a Record Resource.
rico:textualValue,A textual expression of an Appellation or Date.
rico:title,"An identifying name of a Record Resource, Instantiation or Rule."
rico:type,A term used to characterize an entity.
rico:unitOfMeasurement,"A definite magnitude of a quantity, defined and adopted by convention or by law, that is used as a standard for measurement of the same kind of quantity. Can be spacial units (cm, m), weight (g, kg), time (s, h), storage (MB, TB) or more informal units used in the archival context like number of boxes, pages or words."
rico:usedFromDate,Date at which an Appellation was first used.
rico:usedToDate,Date until an Appellation was used.
rico:width,Horizontal dimension of an entity.
rico:accumulationRelation_role,"Connects an AccumulationRelation to itself. It is a property that can stand for an instance of the class when necessary, e.g. when you explore a knowledge graph."
rico:activityDocumentationRelation_role,"Connects an ActivityDocumentationRelation to itself. It is a property that can stand for an instance of the class when necessary, e.g. when you explore a knowledge graph."
rico:activityIsContextOfRelation,Connects an Activity to an Agent Temporal Relation (when the Activity is transferred from an Agent to another one) or a Mandate Relation (the Mandate assigns the Activity to the Agent or defines it).
rico:affectsOrAffected,Connects an Event to a Thing on which the Event has or had some significant impact.
rico:agentControlRelation_role,"Connects an AgentControlRelation to itself. It is a property that can stand for an instance of the class when necessary, e.g. when you explore a knowledge graph."
rico:agentHasOrHadLocation,Inverse of 'is or was location of agent' object property.
rico:agentHierarchicalRelation_role,"Connects an AgentHierarchicalRelation to itself. It is a property that can stand for an instance of the class when necessary, e.g. when you explore a knowledge graph."
rico:agentTemporalRelation_role,"Connects an AgentTemporalRelation to itself. It is a property that can stand for an instance of the class when necessary, e.g. when you explore a knowledge graph."
rico:agentToAgentRelation_role,"Connects an AgentToAgentRelation to itself. It is a property that can stand for an instance of the class when necessary, e.g. when you explore a knowledge graph."
rico:appellationRelation_role,"Connects an AppellationRelation to itself. It is a property that can stand for an instance of the class when necessary, e.g. when you explore a knowledge graph."
rico:asConcernsActivity,"Connects an Agent Temporal Relation or Mandate Relation, to an Activity that is, either transferred from an Agent to another one, or assigned by a Mandate to an Agent."
rico:authorityRelation_role,"Connects an AuthorityRelation to itself. It is a property that can stand for an instance of the class when necessary, e.g. when you explore a knowledge graph."
rico:authorizedBy,Inverse of 'authorizes' object property.
rico:authorizes,Connects a Mandate to the Agent that the Mandate gives the authority or competencies to act.
rico:authorizingAgent,Connects a Mandate Relation to an Agent that assigns the Mandate.
rico:authorshipRelation_role,"Connects an AuthorshipRelation to itself. It is a property that can stand for an instance of the class when necessary, e.g. when you explore a knowledge graph."
rico:childRelation_role,"Connects a ChildRelation to itself. It is a property that can stand for an instance of the class when necessary, e.g. when you explore a knowledge graph."
rico:contained,Connects a Place to a Place that it contained in the past.
rico:containsOrContained,Connects a Place to a region that is or was within it.
rico:containsTransitive,"Connects a Place to a Place that it contains, directly or indirectly. This is a transitive relation."
rico:correspondenceRelation_role,"Connects a CorrespondenceRelation to itself. It is a property that can stand for an instance of the class when necessary, e.g. when you explore a knowledge graph."
rico:creationRelation_role,"Connects a CreationRelation to itself. It is a property that can stand for an instance of the class when necessary, e.g. when you explore a knowledge graph."
rico:creationWithRole,Connects a Creation Relation to the Role Type that the creator Agent(s) has in the creation process
rico:derivationRelation_role,"Connects a DerivationRelation to itself. It is a property that can stand for an instance of the class when necessary, e.g. when you explore a knowledge graph."
rico:descendanceRelation_role,"Connects a DescendanceRelation to itself. It is a property that can stand for an instance of the class when necessary, e.g. when you explore a knowledge graph."
rico:describesOrDescribed,Connects a Record Resource to a Thing that it describes or described.
rico:directlyContains,Connects a Place to another Place that it directly contains.
rico:directlyFollowsInSequence,Inverse of 'directly precedes in sequence' object property.
rico:directlyFollowsProxyInSequence,Inverse of 'proxy directly precedes in sequence' object property.
rico:directlyIncludes,Connects a Record Set to a Record or Record Set which it includes directly.
rico:directlyIncludesProxy,Inverse of 'proxy is directly included in' object property.
rico:directlyPrecedesInSequence,Connects a Thing to a Thing that it precedes directly in some sequence (not necessarily defined or characterised chronologically).
rico:directlyPrecedesProxyInSequence,Connects a Record Resource to a Proxy of a Record Resource that it precedes directly in some sequence (not necessarily defined or characterised chronologically).
rico:documentedBy,Inverse of 'documents' object property.
rico:documents,Connects a Record Resource or an Instantiation to the Activity that generates the Record Resource or Instantiation.
rico:eventRelation_role,"Connects an EventRelation to itself. It is a property that can stand for an instance of the class when necessary, e.g. when you explore a knowledge graph."
rico:evidences,"Connects a Record Resource to a Relation, when the first is used for proving the existence of the second one, or for describing it."
rico:existsOrExistedIn,"Connects a Position to a Group in which that Position exists or existed, or that is defined by that Group's organizational structure."
rico:expressesOrExpressed,Inverse of 'is or was expressed by' object property.
rico:familyRelation_role,"Connects a FamilyRelation to itself. It is a property that can stand for an instance of the class when necessary, e.g. when you explore a knowledge graph."
rico:followedInSequence,Connects a Thing to a Thing that it followed in some sequence (not necessarily defined or characterised chronologically) in the past.
rico:followsInSequenceTransitive,Inverse of 'precedes in sequence transitive' object property.
rico:followsInTime,Inverse of 'precedes in time' object property. This is a transitive relation.
rico:followsOrFollowed,Inverse of 'precedes or preceded' object property.
rico:followsProxyInSequence,Inverse of 'proxy precedes in sequence' object property.
rico:functionalEquivalenceRelation_role,"Connects a FunctionalEquivalenceRelation to itself. It is a property that can stand for an instance of the class when necessary, e.g. when you explore a knowledge graph."
rico:groupSubdivisionRelation_role,"Connects a GroupSubdivisionRelation to itself. It is a property that can stand for an instance of the class when necessary, e.g. when you explore a knowledge graph."
rico:hadComponent,Connects an Instantiation to another Instantiation that was its component in the past.
rico:hadConstituent,Connects a Record or Record Part to another Record or Record Part that was its constituent in the past.
rico:hadPart,Connects a Thing to a Thing that was a constitutive or component part of that Thing in the past.
rico:hadSubdivision,Connects a Group to one of its past subdivisions.
rico:hadSubevent,"Connects a past Event to one of a series of past Events that constituted that original, broader, past Event."
rico:hadSubordinate,Connects an Agent to an Agent that was hierarchically inferior in the past.
rico:hasAccumulationDate,Inverse of 'is accumulation date of' object property.
rico:hasAccumulator,"Connects a Record Resource or an Instantiation to the Agent that accumulates it, be it intentionally (collecting) or not (receiving in the course of its activities)."
rico:hasActivityType,Connects an Activity to an Activity Type that categorizes it.
rico:hasAddressee,Connects a Record Resource or an Instantiation to the Agent that it is addressed to.
rico:hasAncestor,Inverse of 'has descendant' object property. This is a transitive relation.
rico:hasAuthor,"Connects a Record to the Group, Person or Position that is responsible for conceiving and formulating the information contained in the Record."
rico:hasBeginningDate,Inverse of 'is beginning date of' object property.
rico:hasBirthDate,Inverse of 'is birth date of' object property.
rico:hasBirthPlace,Inverse of 'is birth place of' object property.
rico:hasCarrierType,Connects an Instantiation to a Carrier Type which categorizes its carrier.
rico:hasChild,Connects a Person to one of their children.
rico:hasCollector,"Connects a Record Resource or an Instantiation to the Agent that collects it intentionally, i.e., the Agent is a collector."
rico:hasComponentTransitive,"Connects an Instantiation to another Instantiation that is, directly or indirectly, a component of that Instantiation. This is a transitive relation."
rico:hasConstituentProxy,Inverse of 'proxy is constituent of' object property.
rico:hasConstituentTransitive,"Connects a Record or Record Part to another Record or Record Part that is its constituent, directly or indirectly. This is a transitive relation."
rico:hasContentOfType,Connects a Record or a Record Part to a Content Type which categorizes its content.
rico:hasContentWhichMainlyRepresents,Connects a Record or a Record Part to a Thing that its content mainly represents.
rico:hasContentWhichRepresents,Connects a Record or a Record Part to a Thing that its content represents.
rico:hasCopy,Connects a Record Resource to a copy of that Record Resource.
rico:hasCreationDate,Inverse of 'is creation date of' object property
rico:hasCreator,Connects a Record Resource or an Instantiation to an Agent that is either responsible for all or some of the content of the Record Resource or is a contributor to the genesis or production of an Instantiation.
rico:hasDateType,Connects a Date to its Date Type.
rico:hasDeathDate,Inverse of 'is death date of' object property.
rico:hasDeathPlace,Inverse of 'is death place of' object property.
rico:hasDerivationDate,Inverse of 'is derivation date of' object property.
rico:hasDescendant,Connects a Person to one of their descendants. This is a transitive relation.
rico:hasDestructionDate,Inverse of 'is destruction date of' object property.
rico:hasDirectComponent,Connects an Instantiation to another Instantiation that is its direct component.
rico:hasDirectConstituent,Connects a Record or Record Part to another Record or Record Part that is its direct constituent.
rico:hasDirectConstituentProxy,Inverse of 'proxy is direct constituent of' object property.
rico:hasDirectPart,Connects a Thing to a Thing that is a direct constitutive or component part of that Thing.
rico:hasDirectSubdivision,Connects a Group to one of its direct subdivisions.
rico:hasDirectSubevent,"Connects an ongoing Event to one of a series of Events that directly constitute that broader, ongoing Event."
rico:hasDirectSubordinate,Connects an Agent to an Agent that is its direct subordinate.
rico:hasDocumentaryFormType,Connects a Record or Record Part to its Documentary Form Type.
rico:hasDraft,Inverse of 'is draft of' object property.
rico:hasEndDate,Inverse of 'is end date of' object property.
rico:hasEventType,Connects an Event to an Event Type which categorizes it.
rico:hasExtent,Connects a Record Resource or Instantiation to an Extent
rico:hasExtentType,Connects an Extent to an Extent Type that categorizes what is being measured.
rico:hasFamilyAssociationWith,"Connects two Persons that have some type of family link, i.e. belong to the same family. This relation is symmetric."
rico:hasFamilyType,Connects a Family to a Family Type that categorizes it.
rico:hasGeneticLinkToRecordResource,"Connects two Record Resources when there is a genetic link between them. Genetic in this sense is as defined by diplomatics, i.e. the process by which a Record Resource is developed. This relation is symmetric."
rico:hasIdentifierType,Connects an Identifier and an Identifier Type that categorizes it.
rico:hasMigrationDate,Inverse of 'is migration date of' object property.
rico:hasModificationDate,Inverse of 'is modification date of' object property.
rico:hasOrHadAgentName,Connects an Agent and (one of) its present or past Agent Name.
rico:hasOrHadAllMembersWithAccumulationDate,Inverse of 'is or was accumulation date of all members of' object property.
rico:hasOrHadAllMembersWithContentType,Connects a Record Set and a Content Type that categorizes all the Records or Record Parts that are or were included in the Record Set.
rico:hasOrHadAllMembersWithCreationDate,Inverse of 'is or was creation date of all members of' object property.
rico:hasOrHadAllMembersWithDocumentaryFormType,Connects a Record Set and a Documentary Form Type that categorizes all the Records or Record Parts that are or were included in the Record Set.
rico:hasOrHadAllMembersWithLanguage,Connects a Record Set and a Language used by all the Records or Record Parts that are or were included in the Record Set.
rico:hasOrHadAllMembersWithLegalStatus,Connects a Record Set and a Legal Status that categorizes all the Records or Record Parts that are or were included in the Record Set.
rico:hasOrHadAllMembersWithMainSubject,Connects a Record Set and a Thing that is the main subject of all the Records or Record Parts that are or were included in the Record Set.
rico:hasOrHadAllMembersWithRecordState,Connects a Record Set and a Record State that categorizes all the Records or Record Parts that are or were included in the Record Set.
rico:hasOrHadAllMembersWithSubject,Connects a Record Set and a Thing that is the subject of all the Records or Record Parts that are or were included in the Record Set.
rico:hasOrHadAllMembersWithType,Connects a Record Set and a Type to which all the Records or Record Parts that are or were included in the Record Set belong.
rico:hasOrHadAnalogueInstantiation,"Connects a record resource to one of its analogue instantiations, whether it exists or has been lost or destroyed."
rico:hasOrHadAppellation,Connects a Thing to an Appellation that is or was used for designating it.
rico:hasOrHadAuthorityOver,Connects an Agent to a Thing over which the Agent has or had some kind of authority.
rico:hasOrHadComponent,Connects an Instantiation to one of its present or past component instantiations.
rico:hasOrHadConstituent,Connects a Record or Record Part to a Record or Record part that is or was a constituent of that Record or Record Part.
rico:hasOrHadController,Inverse of 'is or was controller of' object property.
rico:hasOrHadCoordinates,Connects a Physical Location to its past or present coordinates in a reference system.
rico:hasOrHadCorporateBodyType,Connects a Corporate Body to a Corporate Body Type which categorizes or categorized it.
rico:hasOrHadCorrespondent,Connects two Persons that correspond or have corresponded with each other. This relation is symmetric.
rico:hasOrHadDemographicGroup,Connects a Person or a Group to a Demographic Group to which it belongs or belonged.
rico:hasOrHadDerivedInstantiation,"Connects an instantiation to an instantiation that is derived from it, whether it exists or has been lost or destroyed."
rico:hasOrHadDigitalInstantiation,"Connects a record resource to one of its digital instantiations, whether it exists or has been lost or destroyed."
rico:hasOrHadEmployer,Inverse of 'is or was employer of' object property.
rico:hasOrHadHolder,Inverse of 'is or was holder of' object property.
rico:hasOrHadIdentifier,Connects a Thing to one of its past or present Identifiers.
rico:hasOrHadInstantiation,"Connects a Record Resource to an Instantiation, which either may exist or may have been lost or destroyed."
rico:hasOrHadIntellectualPropertyRightsHolder,Inverse of 'is or was holder of intellectual property rights of' object property.
rico:hasOrHadJurisdiction,Inverse of 'is or was jurisdiction of' object property.
rico:hasOrHadLanguage,"Connects an Agent, Record or Record Part to a Language that uses or used it."
rico:hasOrHadLeader,Inverse of 'is or was leader of' object property.
rico:hasOrHadLegalStatus,Connects an Agent or Record Resource to a Legal Status which categorized or categorizes it.
rico:hasOrHadLocation,Inverse of 'is or was location of' object property.
rico:hasOrHadMainSubject,Connects a Record Resource to a Thing that is or was its main subject.
rico:hasOrHadManager,Inverse of 'is or was manager of' object property.
rico:hasOrHadMandateType,Connects a Mandate to a Mandate Type that categorized or categorizes it.
rico:hasOrHadMember,Connects a Group to a Person that is or was a member of that Group.
rico:hasOrHadMostMembersWithAccumulationDate,Inverse of 'is or was accumulation date of most members of' object property.
rico:hasOrHadMostMembersWithCreationDate,Inverse of 'is or was creation date of most members of' object property.
rico:hasOrHadName,Connects a Thing to one of its past or present Names.
rico:hasOrHadOccupationOfType,"Connects a Person to an Occupation Type that categorized or categorizes his/her occupation (profession, trade or craft)."
rico:hasOrHadOwner,Inverse of 'is or was owner of' object property.
rico:hasOrHadPart,Connects a Thing to a constitutive or component part of that Thing.
rico:hasOrHadParticipant,Connects an Event to a Thing that is or was actively or passively involved in it.
rico:hasOrHadPhysicalLocation,Connects a Place to one of its past or present Physical Location.
rico:hasOrHadPlaceName,Connects a Place to one of its past or present names.
rico:hasOrHadPlaceType,Connects a Place to a Place Type that categorized or categorizes it.
rico:hasOrHadPosition,Inverse of 'exists or existed in' object property.
rico:hasOrHadRuleType,Connects a Rule to a Rule Type that categorized or categorizes it.
rico:hasOrHadSomeMembersWhoseContentMainlyRepresents,Connects a Record Set and a Thing that is the main element represented by the content of some of the members of the Records or Record Parts that are or were included in the Record Set.
rico:hasOrHadSomeMembersWhoseContentRepresents,Connects a Record Set and a Thing that is represented by the content of some of the Records or Record Parts that are or were included in the Record Set.
rico:hasOrHadSomeMembersWithAccumulationDate,Inverse of 'is or was accumulation date of some members of' object property.
rico:hasOrHadSomeMembersWithContentType,Connects a Record Set and a Content Type that categorizes some of the Records or Record Parts that are or were included in the Record Set.
rico:hasOrHadSomeMembersWithCreationDate,Inverse of 'is or was creation date of some members of' object property.
rico:hasOrHadSomeMembersWithDocumentaryFormType,Connects a Record Set and a Documentary Form Type that categorizes some of the Records or Record Parts that are or were included in the Record Set.
rico:hasOrHadSomeMembersWithLanguage,Connects a Record Set and a Language used by some of the Records or Record Parts that are or were included in the Record Set.
rico:hasOrHadSomeMembersWithLegalStatus,Connects a Record Set and a Legal Status that categorizes some of the Records or Record Parts that are or were included in the Record Set.
rico:hasOrHadSomeMembersWithMainSubject,Connects a Record Set and a Thing that is the main subject of some of the Records or Record Parts that are or were included in the Record Set.
rico:hasOrHadSomeMembersWithRecordState,Connects a Record Set and a Record State that categorizes some of the Records or Record Parts that are or were included in the Record Set.
rico:hasOrHadSomeMembersWithSubject,Connects a Record Set and a Thing that is the subject of some of the Records or Record Parts that are or were included in the Record Set.
rico:hasOrHadSomeMembersWithType,Connects a Record Set and a Type to which some of the Records or Record Parts that are or were included in the Record Set belong.
rico:hasOrHadSpouse,Connects two Persons who are or were married. This relation is symmetric.
rico:hasOrHadStudent,Inverse of 'has or had teacher' object property.
rico:hasOrHadSubdivision,Connects a Group to one of its present or past subdivisions.
rico:hasOrHadSubevent,"Connects an Event to one of a series of Events that constitute the original, broader, past or ongoing Event."
rico:hasOrHadSubject,Connects a Record Resource to a Thing that is or was its subject.
rico:hasOrHadSubordinate,Connects an Agent to an Agent that is hierarchically inferior.
rico:hasOrHadTeacher,Connects a Person to another Person who is or was their teacher.
rico:hasOrHadTitle,"Connects a Record Resource, Instantiation or Rule to a title that is or was used for designating it."
rico:hasOrHadType,Connects a Thing to a Type that categorizes or categorized it.
rico:hasOrHadWorkRelationWith,Connects two Agents that have or had some type of work relation in the course of their activities. This relation is symmetric.
rico:hasOrganicOrFunctionalProvenance,"Connects a Record Resource or an Instantiation to an Agent that creates or accumulates it, receives it, or sends it, or to an Activity that generates it."
rico:hasOrganicProvenance,"Connects a Record Resource or an Instantiation to an Agent that creates or accumulates the Record Resource, receives it, or sends it."
rico:hasOrganicProvenanceDate,Inverse of 'is date associated with organic provenance of' object property.
rico:hasOriginal,Inverse of 'is original of' object property.
rico:hasPartTransitive,"Connects a Thing to a Thing that is, directly or indirectly, a constitutive or component part of that Thing. This is a transitive relation."
rico:hasProductionTechniqueType,Connects an Instantiation to a Production Technique Type that categorizes its production technique.
rico:hasProxy,Inverse of 'proxy for' object property.
rico:hasPublicationDate,Inverse of 'is publication date of' object property.
rico:hasPublisher,Connects a Record resource to an Agent who published it.
rico:hasReceiver,Connects a Record Resource or an Instantiation to the Agent that receives it in the course of the Agent's activities.
rico:hasRecordSetType,Connects a Record Set to a Record Set Type that categorizes it.
rico:hasRecordState,Connects a Record or Record Part to a Record State that categorizes its state.
rico:hasReply,"Connects a Record Resource to a reply, usually in the form of correspondence."
rico:hasRepresentationType,Connects an Instantiation to a Representation Type that categorizes its representation type.
rico:hasSender,Connects a Record Resource or an Instantiation to the Agent that sends it
rico:hasSibling,Connects two Persons who are siblings. This relation is symmetric.
rico:hasSubdivisionTransitive,Connects a Group to another Group that is one of its direct or indirect subdivisions. This is a transitive relation.
rico:hasSubeventTransitive,"Connects an ongoing Event to one of a series of Events that directly or indirectly constitute that broader, ongoing Event. This is a transitive relation."
rico:hasSubordinateTransitive,Connects an Agent to an Agent that is directly or indirectly hierarchically inferior. This is a transitive relation.
rico:hasSuccessor,Connects an Agent to another Agent that succeeds it chronologically.
rico:hasTitleType,Connects a Title and a Title Type that categorizes it.
rico:hasUnitOfMeasurement,Connects an Extent to a Unit Of Measurement
rico:hasWithin,Inverse of 'is within' object property.
rico:included,Connects a Record Set to a Record or Record Set which it included in the past.
rico:includesOrIncluded,"Connects a Record Set to a Record or Record Set it aggregates, or aggregated in the past."
rico:includesProxy,Inverse of 'proxy is included in' object property.
rico:includesTransitive,Connects a Record Set to a Record or Record Set which it includes directly or indirectly. This is a transitive relation.
rico:instantiationToInstantiationRelation_role,"Connects an InstantiationToInstantiationRelation to itself. It is a property that can stand for an instance of the class when necessary, e.g. when you explore a knowledge graph."
rico:intellectualPropertyRightsRelation_role,"Connects an IntellectualPropertyRightsRelation to itself. It is a property that can stand for an instance of the class when necessary, e.g. when you explore a knowledge graph."
rico:intersects,Connects two Dates that overlap. This relation is symmetric.
rico:isAccumulationDateOf,Connects a Date to a Record Resource or Instantiation that was or will be accumulated at this Date.
rico:isAccumulatorOf,Inverse of 'has accumulator' object property.
rico:isActivityTypeOf,Connects an Activity Type to an Activity that it categorizes.
rico:isAddresseeOf,Inverse of 'has addressee' object property.
rico:isAgentAssociatedWithAgent,Connects two Agents. This object property is symmetric.
rico:isAgentAssociatedWithPlace,Inverse of 'is place associated with agent' object property.
rico:isAssociatedWithDate,Inverse of 'is date associated with' object property.
rico:isAssociatedWithEvent,Inverse of 'is event associated with' object property.
rico:isAssociatedWithPlace,Inverse of 'is place associated with' object property.
rico:isAssociatedWithRule,Inverse of 'is rule associated with' object property.
rico:isAuthorOf,Inverse of 'has author' object property.
rico:isAuthorizingAgentInMandateRelation,"Connects an Agent that assigns the Mandate, to a Mandate Relation."
rico:isBeginningDateOf,Connects a Date to a Thing that came into existence on that Date.
rico:isBirthDateOf,Connects a Date to a Person that was born on that Date.
rico:isBirthPlaceOf,Connects a Place to a Person who was born in that Place.
rico:isCarrierTypeOf,Connects a Carrier Type to an Instantiation whose carrier it categorizes.
rico:isChildOf,Inverse of 'has child' object property.
rico:isCollectorOf,Inverse of 'has collector' object property.
rico:isComponentOfTransitive,"Connects an Instantiation to another Instantiation of which it is, directly or indirectly, a component. This is a transitive relation."
rico:isConstituentOfProxy,"Connects a Record or Record Part to a Proxy of a Record or Record Part of which it is a constituent, directly or indirectly."
rico:isConstituentOfTransitive,"Connects a Record or Record Part to another Record or Record Part of which it is a constituent, directly or indirectly. This is a transitive relation."
rico:isContainedByTransitive,"Connects a Place to a Place that is, directly or indirectly, contained by it. This is a transitive relation."
rico:isContentTypeOf,Connects a Content Type to a Record or Record Part whose content it categorizes.
rico:isCopyOf,Inverse of 'has copy' object property.
rico:isCreationDateOf,Connects a Date to a Record Resource or Instantiation that was or will be created at this Date.
rico:isCreatorOf,Inverse of 'has creator' object property.
rico:isDateAssociatedWith,Connects a Date to a Thing with whose existence and lifecycle the Date is associated.
rico:isDateAssociatedWithRelation,Connects a Date to an n-ary Relation.
rico:isDateOfOccurrenceOf,"Connects a Date to an Event that occurred at this Date. An event or activity can be recurrent, which implies that one single event can be related to several dates."
rico:isDateTypeOf,Connects a Date Type to a Date that it categorizes.
rico:isDeathDateOf,Connects a Date to a Person who died on that Date.
rico:isDeathPlaceOf,Connects a Place to a Person who died in that Place.
rico:isDerivationDateOf,Connects a Date to an Instantiation from which a new Instantiation was or will be derived at that Date.
rico:isDestructionDateOf,Connects a Date to a Record Resource or Instantiation that was or will be destructed at that Date.
rico:isDirectComponentOf,Connects an Instantiation to another Instantiation of which it is a direct component.
rico:isDirectConstituentOf,Connects a Record or Record Part to another Record or Record Part of which it is a direct constituent.
rico:isDirectConstituentOfProxy,Connects a Record or Record Part to a Proxy of a Record or Record Part which it is a direct constituent of.
rico:isDirectPartOf,Connects a Thing to a Thing of which it is direct constitutive or component part.
rico:isDirectSubdivisionOf,Connects a Group to the Group it is a direct subdivision of.
rico:isDirectSubeventOf,Connects an ongoing Event to the Event it is a direct part of.
rico:isDirectSubordinateTo,Connects an Agent to an Agent that is directly hierarchically superior.
rico:isDirectlyContainedBy,Connects a Place to a Place that directly contains it.
rico:isDirectlyIncludedIn,Connects a Record to a Record or Record Set in which it is directly included.
rico:isDirectlyIncludedInProxy,Connects a Record or Record Set to a Proxy of a Record Set which it is directly included in.
rico:isDocumentaryFormTypeOf,Connects a Documentary Form Type to a Record or Record Part that it categorizes.
rico:isDraftOf,Connects a draft to the final version of a Record.
rico:isEndDateOf,Connects a Date to a Thing whose existence ended on that Date.
rico:isEquivalentTo,Connects two Things that are considered equivalent.
rico:isEventAssociatedWith,Connects an Event to a Thing that is associated with the existence and lifecycle of the Event.
rico:isEventTypeOf,Connects an Event Type to an Event that it categorizes.
rico:isEvidencedBy,Connects a Relation to a Record Resource that is used for proving is existence or describing it.
rico:isExtentOf,Connects an Extent to a Thing
rico:isExtentTypeOf,Connects an Extent Type to an Extent that it categorizes.
rico:isFamilyTypeOf,Connects a Family Type to a Family that it categorizes.
rico:isFromUseDateOf,"Connects a Date to an Appellation, when it is the date at which the Appellation was first used."
rico:isFunctionallyEquivalentTo,Connects two Instantiations which may be considered as equivalent. This relation is symmetric.
rico:isIdentifierTypeOf,Connects an Identifier Type and an Identifier that it categorizes.
rico:isIncludedInProxy,"Connects a Record or Record Set to a Proxy of a Record Set which it is included in, directly or indirectly."
rico:isIncludedInTransitive,Connects a Record to a Record or Record Set in which it is directly or indirectly included. This is a transitive relation.
rico:isInstantiationAssociatedWithInstantiation,Connects two Instantiations. This relation is symmetric.
rico:isLastUpdateDateOf,Connects a Date and a Thing that was last modified at this Date.
rico:isMainThingRepresentedByContentOf,Inverse of 'has content which mainly represents' object property.
rico:isMigrationDateOf,Connects a Date to an Instantiation that was or will be migrated at that Date.
rico:isModificationDateOf,Connects a Date to a Thing that was modified on that Date.
rico:isOrWasAccumulationDateOfAllMembersOf,Connects a Date to a Record Set all of whose present or past members were or will be accumulated at this Date.
rico:isOrWasAccumulationDateOfMostMembersOf,Connects a Date to a Record Set most of whose present or past members were or will be accumulated at this Date.
rico:isOrWasAccumulationDateOfSomeMembersOf,Connects a Date to a Record Set some of whose present or past members were or will be accumulated at this Date.
rico:isOrWasActiveAtDate,Inverse of 'is or was activity date of' object property.
rico:isOrWasActivityDateOf,Connects a Date to an Agent that is or was active at that Date.
rico:isOrWasAdjacentTo,Connects two Places that are or were geographically adjacent. This relation is symmetric.
rico:isOrWasAffectedBy,Inverse of 'affects or affected' object property.
rico:isOrWasAgentNameOf,Connects an Agent Name to an Agent it designates or designated.
rico:isOrWasAnalogueInstantiationOf,Inverse of 'has or had analogue instantiation' object property.
rico:isOrWasAppellationOf,Connects an Appellation to a Thing that it designates or designated.
rico:isOrWasAttendedByStudent,Inverse of 'studies or studied at' object property.
rico:isOrWasComponentOf,Inverse of 'has or had component' object property.
rico:isOrWasConstituentOf,Inverse of 'has or had constituent' object property.
rico:isOrWasContainedBy,Inverse of 'contains or contained' object property.
rico:isOrWasContentTypeOfAllMembersOf,Connects a Content Type and a Record Set whose all past or present Record or Record Part members have that Content Type.
rico:isOrWasContentTypeOfSomeMembersOf,Connects a Content Type and a Record Set whose some past or present Record or Record Part members have that Content Type.
rico:isOrWasControllerOf,Connects an Agent to another Agent it controls or controlled.
rico:isOrWasCoordinatesOf,"Connects an instance of Coordinates to a Physical Location it locates or located on earth, according to some reference system."
rico:isOrWasCorporateBodyTypeOf,Connects a Corporate Body Type to a Corporate Body that it categorizes or categorized.
rico:isOrWasCreationDateOfAllMembersOf,Connects a Date to a Record Set all of whose present or past members were or will be created at this Date.
rico:isOrWasCreationDateOfMostMembersOf,Connects a Date to a Record Set most of whose present or past members were or will be created at this Date.
rico:isOrWasCreationDateOfSomeMembersOf,Connects a Date to a Record Set some of whose present or past members were or will be created at this Date.
rico:isOrWasDemographicGroupOf,Connects a Demographic Group to a Person or Group which belongs or belonged to it.
rico:isOrWasDerivedFromInstantiation,Inverse of 'has or had derived instantiation' object property.
rico:isOrWasDescribedBy,Inverse of 'describes or described' object property.
rico:isOrWasDigitalInstantiationOf,Inverse of 'has or had digital instantiation' object property.
rico:isOrWasDocumentaryFormTypeOfAllMembersOf,Connects a Documentary Form Type and a Record Set whose all past or present Record or Record Part members have that Documentary Form Type.
rico:isOrWasDocumentaryFormTypeOfSomeMembersOf,Connects a Documentary Form Type and a Record Set whose some past or present Record or Record Part members have that Documentary Form Type.
rico:isOrWasEmployerOf,Connects a Corporate Body or a Person to a Person who is or was their employee.
rico:isOrWasEnforcedBy,Connects a Rule to an Agent that enforces or enforced the Rule.
rico:isOrWasExpressedBy,Connects a Rule to a Record Resource that expresses or expressed the Rule.
rico:isOrWasHolderOf,Connects an Agent to a Record Resource or Instantiation that the Agent holds or held.
rico:isOrWasHolderOfIntellectualPropertyRightsOf,Connects an Agent to a Record Resource or Instantiation on which the Agent has or had some intellectual property rights.
rico:isOrWasIdentifierOf,Connects an Identifier to a Thing that it identified or identifies.
rico:isOrWasIncludedIn,Inverse of 'includes or included' object property.
rico:isOrWasInstantiationOf,Inverse of 'has or had instantiation' object property.
rico:isOrWasJurisdictionOf,Connects a Place to an Agent that has or had jurisdiction over the Place.
rico:isOrWasLanguageOf,"Connects a Language to an Agent, Record or Record Part that uses or used it."
rico:isOrWasLanguageOfAllMembersOf,Connects a Language and a Record Set whose all present or past Record or Record Part members use that Language.
rico:isOrWasLanguageOfSomeMembersOf,Connects a Language and a Record Set whose some present or past Record or Record Part members use that Language.
rico:isOrWasLeaderOf,Connects a Person to the Group that Person leads or led in the past.
rico:isOrWasLegalStatusOf,Connects a Legal Status to an Agent or Record Resource that it categorizes.
rico:isOrWasLegalStatusOfAllMembersOf,Connects a Legal Status and a Record Set whose all past or present Record or Record Part members have that Legal Status.
rico:isOrWasLegalStatusOfSomeMembersOf,Connects a Legal Status and a Record Set whose some past or present Record or Record Part members have that Legal Status.
rico:isOrWasLocationOf,Connects a Place to a Thing that is or was located in the Place.
rico:isOrWasLocationOfAgent,Connects a Place to an Agent that is or was located in this Place.
rico:isOrWasMainSubjectOf,Inverse of 'has or had main subject' object property.
rico:isOrWasMainSubjectOfAllMembersOf,Inverse of 'has or had all members with main subject' object property.
rico:isOrWasMainSubjectOfSomeMembersOf,Inverse of 'has or had some members with main subject' object property.
rico:isOrWasMainThingRepresentedByContentOfSomeMembersOf,Inverse of 'has or had some members whose content mainly represents' object property.
rico:isOrWasManagerOf,Connects an Agent to a Record Resource or Instantiation that the Agent managed or manages.
rico:isOrWasMandateTypeOf,Connects a Mandate Type to a Mandate that it categorized or categorizes.
rico:isOrWasMemberOf,Inverse of 'has or had member' object property.
rico:isOrWasNameOf,Connects a Name to a Thing that it designated or designates.
rico:isOrWasOccupationTypeOf,Connects an Occupation Type to a Person whose occupation is or was categorized by it.
rico:isOrWasOccupiedBy,Inverse of 'occupies or occupied' object property.
rico:isOrWasOwnerOf,"Connects a Group, Person or Position to a Thing that this Agent owns or owned."
rico:isOrWasPartOf,Inverse of 'has or had part' relation.
rico:isOrWasParticipantIn,Inverse of 'has or had participant' object property.
rico:isOrWasPerformedBy,Connects an Activity to an Agent that performed or performs the Activity.
rico:isOrWasPhysicalLocationOf,"Connects a Physical Location to a Place, when it is or was its location."
rico:isOrWasPlaceNameOf,Connects a Place Name to a Place that was or is designated by it.
rico:isOrWasPlaceTypeOf,Connects a Place Type to a Place that is or was categorized by it.
rico:isOrWasRecordStateOfAllMembersOf,Connects a Record State and a Record Set whose all past or present Record or Record Part members have that Record State.
rico:isOrWasRecordStateOfSomeMembersOf,Connects a Record State and a Record Set whose some past or present Record or Record Part members have that Record State.
rico:isOrWasRegulatedBy,Inverse of 'regulates or regulated' object property.
rico:isOrWasRepresentedByContentOfSomeMembersOf,Inverse of 'has or had some members whose content represents' object property.
rico:isOrWasResponsibleForEnforcing,Inverse of 'is or was enforced by' object property.
rico:isOrWasRuleTypeOf,Connects a Rule Type to a Rule that it categorized or categorizes.
rico:isOrWasSubdivisionOf,Inverse of 'has or had subdivision' object property.
rico:isOrWasSubeventOf,Inverse of 'has or had subevent' object property.
rico:isOrWasSubjectOf,Inverse of 'has or had subject' object property.
rico:isOrWasSubjectOfAllMembersOf,Inverse of 'has or had all members with subject' object property.
rico:isOrWasSubjectOfSomeMembersOf,Inverse of 'has or had some members with subject' object property.
rico:isOrWasSubordinateTo,Inverse of 'has or had subordinate' object property.
rico:isOrWasTitleOf,"Connects a Title to a Record Resource, Instantiation or Rule that it designated or designates."
rico:isOrWasTypeOf,Connects a Type to a Thing that it categorizes or categorized.
rico:isOrWasTypeOfAllMembersOf,Connects a Type and a Record Set whose all present or past Record or Record Part members belong to that Type.
rico:isOrWasTypeOfSomeMembersOf,Connects a Type and a Record Set whose some present or past Record or Record Part members belong to that Type.
rico:isOrWasUnderAuthorityOf,Inverse of 'has or had authority over' object property.
rico:isOrganicOrFunctionalProvenanceOf,Inverse of 'has organic or functional provenance' object property.
rico:isOrganicProvenanceDateOf,Connects a Date associated with the organic provenance of a Record Resource or Instantiation to that Record Resource or Instantiation.
rico:isOrganicProvenanceOf,Inverse of 'has organic provenance' object property.
rico:isOriginalOf,Connects the original version of a Record to a copy or a later version.
rico:isPartOfTransitive,"Connects a Thing to a Thing of which it is a a constitutive or component part, directly or indirectly. This is a transitive relation."
rico:isPlaceAssociatedWith,Connects a Place to a Thing with whose existence and lifecycle the Place is associated.
rico:isPlaceAssociatedWithAgent,Connects a Place to an Agent which is related to that Place.
rico:isProductionTechniqueTypeOf,Connects a Production Technique Type to an Instantiation whose production technique is categorized by it.
rico:isPublicationDateOf,Connects a Date to a Record Resource that was or will be made public at this Date.
rico:isPublisherOf,Connects an Agent to a Record Resource that it published.
rico:isReceiverOf,Inverse of 'received by' object property.
rico:isRecordResourceAssociatedWithRecordResource,Connects two Record Resources. This relation is symmetric.
rico:isRecordSetTypeOf,Connects a Record Set Type to a Record Set that it categorizes.
rico:isRecordStateOf,Connects a Record State to a Record or Record Part whose state it categorizes.
rico:isRelatedTo,"The most generic relation, is related to, connects any Thing to any other Thing. This relation is symmetric."
rico:isReplyTo,Inverse of 'has reply' object property.
rico:isRepresentationTypeOf,Connects a Representation Type to an Instantiation that it categorizes.
rico:isRepresentedByContentOf,Inverse of 'has content which represents' object property.
rico:isResponsibleForIssuing,Inverse of 'issued by' object property.
rico:isRuleAssociatedWith,Connects a Rule to a Thing that is associated with the Rule.
rico:isSenderOf,Inverse of 'has sender' object property.
rico:isSourceOfInformationOfRecordResource,"Connects a Record Resource to a Record Resource, when the first is used as a source of information for producing the content of the second one."
rico:isSubdivisionOfTransitive,Connects a Group to the Group it is a direct or indirect subdivision of. This is a transitive relation.
rico:isSubeventOfTransitive,Connects an ongoing Event to an Event of which it is a direct or indirect part. This is a transitive relation.
rico:isSubordinateToTransitive,Connects an Agent to an Agent that is directly or indirectly hierarchically superior. This is a transitive relation.
rico:isSuccessorOf,Inverse of 'has successor' object property.
rico:isTitleTypeOf,Connects a Title Type and a Title that it categorizes.
rico:isToUseDateOf,"Connects a Date to an Appellation, when it is the date till which the Appellation was used."
rico:isUnitOfMeasurementOf,Inverse of 'has unit of measurement' object property.
rico:isWithin,Connects a Date to a Date in which it is contained.
rico:issuedBy,Connects a Rule to the Agent that issued or published the Rule.
rico:knowingOfRelation_role,"Connects a KnowingOfRelation to itself. It is a property that can stand for an instance of the class when necessary, e.g. when you explore a knowledge graph."
rico:knowingRelation_role,"Connects a KnowingRelation to itself. It is a property that can stand for an instance of the class when necessary, e.g. when you explore a knowledge graph."
rico:knownBy,Inverse of 'knows of' object property.
rico:knows,Connects two Persons that directly know each other during their existence. This relation is symmetric.
rico:knowsOf,Connects a Person to another Person they have some knowledge of through time or space.
rico:leadershipRelation_role,"Connects a LeadershipRelation to itself. It is a property that can stand for an instance of the class when necessary, e.g. when you explore a knowledge graph."
rico:leadershipWithPosition,Connects a Leadership Relation to the Position occupied by the leading Person.
rico:managementRelation_role,"Connects a ManagementRelation to itself. It is a property that can stand for an instance of the class when necessary, e.g. when you explore a knowledge graph."
rico:mandateRelation_role,"Connects a MandateRelation to itself. It is a property that can stand for an instance of the class when necessary, e.g. when you explore a knowledge graph."
rico:membershipRelation_role,"Connects a MembershipRelation to itself. It is a property that can stand for an instance of the class when necessary, e.g. when you explore a knowledge graph."
rico:membershipWithPosition,Connects a Membership Relation to the Position occupied by the member Person(s).
rico:migratedFrom,Inverse of 'migrated into' object property.
rico:migratedInto,Connects an Instantiation to a version it has been migrated into.
rico:migrationRelation_role,"Connects a MigrationRelation to itself. It is a property that can stand for an instance of the class when necessary, e.g. when you explore a knowledge graph."
rico:occupiesOrOccupied,Connects a Person to a Position they occupy or occupied.
rico:occurredAtDate,Inverse of 'is date of occurrence of' object property.
rico:organicOrFunctionalProvenanceRelation_role,"Connects an OrganicOrFunctionalProvenanceRelation to itself. It is a property that can stand for an instance of the class when necessary, e.g. when you explore a knowledge graph."
rico:organicProvenanceRelation_role,"Connects an OrganicProvenanceRelation to itself. It is a property that can stand for an instance of the class when necessary, e.g. when you explore a knowledge graph."
rico:overlapsOrOverlapped,Connects two Places that geographically overlap or overlapped. This relation is symmetric.
rico:ownershipRelation_role,"Connects an OwnershipRelation to itself. It is a property that can stand for an instance of the class when necessary, e.g. when you explore a knowledge graph."
rico:performanceRelation_role,"Connects a PerformanceRelation to itself. It is a property that can stand for an instance of the class when necessary, e.g. when you explore a knowledge graph."
rico:performsOrPerformed,Inverse of 'is or was performed by' object property.
rico:placeRelation_role,"Connects a PlaceRelation to itself. It is a property that can stand for an instance of the class when necessary, e.g. when you explore a knowledge graph."
rico:positionHoldingRelation_role,"Connects a PositionHoldingRelation to itself. It is a property that can stand for an instance of the class when necessary, e.g. when you explore a knowledge graph."
rico:positionIsContextOfLeadershipRelation,Connects a Position to a Leadership Relation (the leading Person occupies that Position).
rico:positionIsContextOfMembershipRelation,Connects a Position to a Membership Relation (the member Person occupies that Position).
rico:positionToGroupRelation_role,"Connects a PositionToGroupRelation to itself. It is a property that can stand for an instance of the class when necessary, e.g. when you explore a knowledge graph."
rico:precededInSequence,Connects a Thing to a Thing that followed it in some sequence (not necessarily defined or characterised chronologically) in the past.
rico:precedesInSequenceTransitive,Connects a Thing to a Thing that follows it directly or indirectly in some sequence (not necessarily defined or characterised chronologically). This is a transitive relation.
rico:precedesInTime,Connects a Thing to a Thing that follows it in chronological order. This is a transitive relation.
rico:precedesOrPreceded,Connects a Thing to a Thing that follows or followed it in some sequence.
rico:precedesProxyInSequence,Connects a Record Resource to a Proxy of a Record Resource that it precedes directly or indirectly in some sequence (not necessarily defined or characterised chronologically).
rico:proxyDirectlyFollowsInSequence,Inverse of 'directly precedes proxy in sequence' object property.
rico:proxyDirectlyFollowsProxyInSequence,Inverse of 'proxy directly precedes proxy in sequence' object property.
rico:proxyDirectlyIncludes,Inverse of 'is directly included in proxy' object property.
rico:proxyDirectlyIncludesProxy,Inverse of 'proxy is directly included in' object property.
rico:proxyDirectlyPrecedesInSequence,Connects a Proxy of a Record Resource to a Record Resource which it precedes directly in some sequence (not necessarily defined or characterised chronologically).
rico:proxyDirectlyPrecedesProxyInSequence,Connects a Proxy of a Record Resource to a Proxy of another Record Resource that it precedes directly in some sequence (not necessarily defined or characterised chronologically).
rico:proxyFollowsInSequence,Inverse of 'precedes proxy in sequence' object property.
rico:proxyFollowsProxyInSequenceTransitive,Inverse of 'proxy recedes proxy in sequence transitive' object property.
rico:proxyFor,Connects a Proxy to the Record Resource it stands for in the context of a specific Record Resource.
rico:proxyHasConstituent,Inverse of 'is constituent of proxy' object property.
rico:proxyHasConstituentProxyTransitive,Inverse of 'proxy is constituent of proxy transitive' object property. This is a transitive relation.
rico:proxyHasDirectConstituent,Inverse of 'is direct constituent of proxy' object property.
rico:proxyHasDirectConstituentProxy,Inverse of 'proxy is direct constituent of' object property.
rico:proxyIn,Connects a Proxy to the Record Resource in which it stands for (represents) another Record Resource.
rico:proxyInRecord,Connects a Proxy to a Record in which it stands for (represents) a Record Part or another Record.
rico:proxyInRecordSet,Connects a Proxy to a Record Set in which it stands for (represents) a Record or another Record Set.
rico:proxyIncludes,Inverse of 'is included in proxy' object property.
rico:proxyIncludesProxyTransitive,Inverse of 'proxy is included in proxy transitive' object property. This is a transitive relation.
rico:proxyIsConstituentOf,"Connects a Proxy of a Record or Record Part to a Record or Record Part which it is a constituent of, directly or indirectly."
rico:proxyIsConstituentOfProxyTransitive,"Connects a Proxy of a Record or Record Part to a Proxy of another Record or Record Part which it is a constituent of, directly or indirectly. This is a transitive relation."
rico:proxyIsDirectConstituentOf,Connects a Proxy of a Record or Record Part to another Record or Record Part which the first is a direct constituent of.
rico:proxyIsDirectConstituentOfProxy,Connects a Proxy of a Record or Record Part to a Proxy of another Record or Record Part of which the first is a direct constituent.
rico:proxyIsDirectlyIncludedIn,Connects a Proxy of a Record or Record Set to another Record Set which the first is directly included in.
rico:proxyIsDirectlyIncludedInProxy,Connects a Proxy of a Record or Record Set to a Proxy of a Record Set which it is directly included in.
rico:proxyIsIncludedIn,"Connects a Proxy of a Record or Record Set to a Record Set which it is included in, directly or indirectly."
rico:proxyIsIncludedInProxyTransitive,"Connects a Proxy of a Record or Record Set to a Proxy of a Record Set which it is included in, directly or indirectly. This is a transitive relation."
rico:proxyPrecedesInSequence,Connects a Proxy of a Record Resource to a Record Resource which the first precedes directly or indirectly in some sequence (not necessarily defined or characterised chronologically).
rico:proxyPrecedesProxyInSequenceTransitive,Connects a Proxy of a Record Resource to a Proxy of another Record Resource which directly or indirectly follows the first in some sequence (not necessarily defined or characterised chronologically). This is a transitive relation.
rico:recordResourceGeneticRelation_role,"Connects a RecordResourceGeneticRelation to itself. It is a property that can stand for an instance of the class when necessary, e.g. when you explore a knowledge graph."
rico:recordResourceHasSourceOfInformation,"Connects a Record Resource to a Record Resource, when the second one is used as a source of information for producing the content of the first one."
rico:recordResourceHoldingRelation_role,"Connects a RecordResourceHoldingRelation to itself. It is a property that can stand for an instance of the class when necessary, e.g. when you explore a knowledge graph."
rico:recordResourceToInstantiationRelation_role,"Connects a RecordResourceToInstantiationRelation to itself. It is a property that can stand for an instance of the class when necessary, e.g. when you explore a knowledge graph."
rico:recordResourceToRecordResourceRelation_role,"Connects a RecordResourceToRecordResourceRelation to itself. It is a property that can stand for an instance of the class when necessary, e.g. when you explore a knowledge graph."
rico:regulatesOrRegulated,Connects a Rule to a Thing that it regulates or regulated.
rico:relationConnects,Connects an n-ary Relation to any of the Things involved.
rico:relationHasContext,"Connects an n-ary Relation to a Thing that is a secondary, contextual entity during the existence of the Relation."
rico:relationHasDate,Connects an n-ary Relation to a Date.
rico:relationHasSource,Connects an n-ary Relation to a Thing that is its source.
rico:relationHasTarget,Connects an n-ary Relation to a Thing that is its target.
rico:relation_role,"Connects a Relation to itself. It is a property that can stand for an instance of the class when necessary, e.g. when you explore a knowledge graph."
rico:resultedFromTheMergerOf,Inverse of 'was merged into' object property.
rico:resultedFromTheSplitOf,Inverse of 'was split into' object property.
rico:resultsOrResultedFrom,Inverse of 'results or resulted in' object property.
rico:resultsOrResultedIn,Connects an Event to a Thing that results or resulted from the Event.
rico:roleIsContextOfCreationRelation,Connects a Role Type to a Creation Relation (this Role Type being the specific role played by the creating Person in the context of this Relation).
rico:ruleRelation_role,"Connects a RuleRelation to itself. It is a property that can stand for an instance of the class when necessary, e.g. when you explore a knowledge graph."
rico:sequentialRelation_role,"Connects a SequentialRelation to itself. It is a property that can stand for an instance of the class when necessary, e.g. when you explore a knowledge graph."
rico:siblingRelation_role,"Connects a SiblingRelation to itself. It is a property that can stand for an instance of the class when necessary, e.g. when you explore a knowledge graph."
rico:spouseRelation_role,"Connects a SpouseRelation to itself. It is a property that can stand for an instance of the class when necessary, e.g. when you explore a knowledge graph."
rico:studiesOrStudiedAt,Connects a Person to an educational institution at which they studied or study. Both 'institution' and 'at' can be interpreted broadly.
rico:studyAtRelation_role,"Connects a StudyAtRelation to itself. It is a property that can stand for an instance of the class when necessary, e.g. when you explore a knowledge graph."
rico:teachingRelation_role,"Connects a TeachingRelation to itself. It is a property that can stand for an instance of the class when necessary, e.g. when you explore a knowledge graph."
rico:temporalRelation_role,"Connects a TemporalRelation to itself. It is a property that can stand for an instance of the class when necessary, e.g. when you explore a knowledge graph."
rico:thingIsConnectedToRelation,Connects a Thing to an n-ary Relation.
rico:thingIsContextOfRelation,"Connects a Thing (that is a secondary, contextual entity during the existence of the Relation) to an n-ary Relation."
rico:thingIsSourceOfRelation,Connects a Thing (that is the source of a Relation) to a Relation.
rico:thingIsTargetOfRelation,Connects a Thing (that is the target of a Relation) to an n-ary Relation.
rico:typeRelation_role,"Connects a TypeRelation to itself. It is a property that can stand for an instance of the class when necessary, e.g. when you explore a knowledge graph."
rico:wasComponentOf,Connects an Instantiation to another Instantiation of which it was a component in the past.
rico:wasConstituentOf,Connects a Record or Record Part to another Record or Record Part of which it was a constituent in the past.
rico:wasContainedBy,Connects a Place to a Place within which it was contained.
rico:wasIncludedIn,Connects a Record to a Record or Record Set in which it was included in the past.
rico:wasLastUpdatedAtDate,Connects a Thing to the Date when it was last modified.
rico:wasMergedInto,Connects a Corporate Body to another Corporate Body that is the result of a merger of the previous one with one to many other corporate bodies.
rico:wasPartOf,Connects a Thing to a Thing of which it was a constitutive or component part in the past.
rico:wasSplitInto,Connects a Corporate Body to one of the Corporate Bodies that results from the split of the previous one into two to many corporate bodies.
rico:wasSubdivisionOf,Connects a subdivision to the Group it was a part of in the past.
rico:wasSubeventOf,Connects a past Event to the broader Event of which it was a part.
rico:wasSubordinateTo,Connects an Agent to an Agent that was hierarchically superior in the past.
rico:wasUsedFromDate,Connects an Appellation to the Date from which it was used.
rico:wasUsedToDate,Connects an Appellation to the Date till when it was used.
rico:wholePartRelation_role,"Connects a WholePartRelation to itself. It is a property that can stand for an instance of the class when necessary, e.g. when you explore a knowledge graph."
rico:workRelation_role,"Connects a WorkRelation to itself. It is a property that can stand for an instance of the class when necessary, e.g. when you explore a knowledge graph."
